algorithm,time,memory
Bubble Sort,3380.3019523620605,0.0234375
